,tradeNum,total_return,winning_rate,max_drawdown,sharpe_ratio
Empirical,234,0.6352441991573199,0.6324786324786325,-0.16233981751398746,0.6641036907209302
1,365,0.37804851302431747,0.5671232876712329,-0.8060215409448298,0.1920692836666105
2,230,0.16093349022036021,0.6173913043478261,-0.3554030371071829,0.22482871719606246
3,236,-0.17295660406964453,0.5677966101694916,-0.4442378765806044,-0.1572674462515756
4,116,0.38098910021573534,0.6551724137931034,-0.2246116086930632,0.5404771690096289
5,319,0.1612491266006847,0.5611285266457681,-0.28541394060189035,0.16074189079133164
6,146,0.20919651172302525,0.6712328767123288,-0.3364977645242142,0.22473882276103638
7,396,0.7043926206618342,0.5656565656565656,-0.2798754700493302,0.48822601451526115
8,109,0.31340965180605496,0.6880733944954128,-0.19405701682206172,0.38400661721300305
9,174,0.4211962591451375,0.6724137931034483,-0.3314805107216857,0.5860530697263218
10,374,-0.30379628493206473,0.5454545454545454,-0.47821104021641414,-0.2501068075429128
11,294,0.5258223187947393,0.6292517006802721,-0.20993472524565618,0.6309832935041998
12,88,-0.10635244186890659,0.6363636363636364,-0.4990487734277205,-0.09452900260193764
13,404,-0.018347769464137284,0.5693069306930693,-0.6666436444670452,-0.015100460687728629
14,372,0.015642975166214074,0.5725806451612904,-0.3379866886783907,0.0160809335516453
15,106,-0.829660690060147,0.5283018867924528,-1.0600438580166942,-0.5362684028890797
16,380,0.16722827887482333,0.5342105263157895,-0.4550850191219117,0.1556326821435663
17,357,-0.7924983848339572,0.5602240896358543,-0.6461702796591425,-0.624024068577776
18,138,0.5060335336852069,0.6666666666666666,-0.37690298720799165,0.5479755994069696
19,141,0.033473728588354096,0.6382978723404256,-0.6298927477757152,0.03407711562706557
20,105,0.04146099247609917,0.5619047619047619,-0.6836663886758462,0.03570432748199847
21,396,0.009175622720415041,0.5681818181818182,-0.7573435631687198,0.0055994326625934615
22,126,0.19116321770121272,0.6111111111111112,-0.3655999323638978,0.15775541383249556
23,126,0.28959354804517934,0.6666666666666666,-0.3998328909465811,0.2976883825157214
24,369,-0.5076251265925449,0.5582655826558266,-0.8983363245957654,-0.2984298093476585
25,190,0.45788208118658463,0.6263157894736842,-0.3983886517575702,0.4547679174144183
26,184,-0.4621820227708451,0.5706521739130435,-0.7975699860496689,-0.31530299472233086
27,169,0.4286036079512255,0.6568047337278107,-0.24430476921422845,0.4453272474470423
28,374,-0.36311326680596245,0.5267379679144385,-0.6752127341058571,-0.4151567978366696
29,152,-0.06886650948815261,0.6052631578947368,-0.2257580230595025,-0.05873053829134902
30,132,0.002094304365650275,0.6666666666666666,-0.24784483630826282,0.00230538162002437
31,276,0.5424627425352825,0.6086956521739131,-0.23820110799069294,0.5057057401957148
32,320,0.3503692141668223,0.546875,-0.2601248974192941,0.3686617658223336
33,101,0.08991833573457805,0.6732673267326733,-0.4094309875085571,0.09344179183804956
34,390,0.29957817725686453,0.5948717948717949,-0.37829573953404644,0.28420511359912626
35,204,-0.7182060980164972,0.5882352941176471,-0.9483586452601126,-0.5003413091067433
36,370,-1.5628586620651652,0.5378378378378378,-2.131489057677577,-0.878205669165235
37,314,0.043129017329862275,0.5573248407643312,-0.5484697578652649,0.03290366662394767
38,331,-0.28665829378837915,0.5740181268882175,-0.5603335653231134,-0.2550540708600573
39,285,0.08722369047538478,0.5614035087719298,-0.42730636684028317,0.07877111076329252
40,185,0.5607638343487162,0.6,-0.1523303724584631,0.5573518614606148
41,376,-0.12852417883175868,0.550531914893617,-0.2934310916544731,-0.12013184950252977
42,306,-0.053587853359335684,0.5784313725490197,-0.252283405386406,-0.06744636217889564
43,337,-0.27459657057879383,0.5341246290801187,-0.46351112058530136,-0.24849357462847438
44,282,0.17246011150888194,0.574468085106383,-0.29757679192976483,0.19261652225578457
45,201,-0.6412432836921682,0.6069651741293532,-0.7725589199434362,-0.4002334026500243
46,82,-0.20118174843792622,0.6585365853658537,-0.7442578094300901,-0.18343570968110132
47,173,0.45648464601139777,0.6820809248554913,-0.2488315996196099,0.4219446406875586
48,154,0.37219533208815986,0.6363636363636364,-0.2946040223597353,0.3726393041601392
49,144,0.6441499178753415,0.7013888888888888,-0.3198175337922737,0.7833125986984916
50,130,0.7915131742735504,0.6923076923076923,-0.15177025085680512,0.9939084872866147
51,239,0.3633748774901769,0.5941422594142259,-0.3221651878299569,0.4556932803909628
52,158,0.4541687087308611,0.620253164556962,-0.15900179050656346,0.5679896951355675
53,94,0.3026294651855119,0.5851063829787234,-0.17119470253330357,0.3530309664530625
54,155,0.23380987737805248,0.6903225806451613,-0.3356765312537885,0.22316002795272719
55,409,0.04934876107727553,0.5525672371638142,-0.19332393908931406,0.07017102404178391
56,106,-0.2126232666948941,0.5849056603773585,-0.4109131712800258,-0.27995876291101784
57,250,0.25776450927650263,0.588,-0.1517879895699962,0.32159677724279245
58,133,0.026807047716541774,0.6165413533834586,-0.32727550600642985,0.030320074083922212
59,86,0.10312225210899083,0.6976744186046512,-0.3129701604471013,0.12863698904733298
60,160,0.2848238655172125,0.6625,-0.1394627806705326,0.37853395383202976
61,213,0.5669126967253549,0.6338028169014085,-0.3274574262289539,0.5963819146316416
62,394,0.3448206104335258,0.5710659898477157,-0.20198408845185933,0.3947876116406717
63,295,-0.375688426382949,0.6033898305084746,-0.5201538507975221,-0.4587454705912128
64,304,0.24710981862748987,0.5888157894736842,-0.5441334493619796,0.3059556561601721
65,164,0.1720889287433718,0.6280487804878049,-0.408637219581356,0.21207689738864363
66,98,-0.725230491747768,0.6836734693877551,-0.9664838535562611,-0.5708181674223795
67,337,0.2925135088378581,0.5845697329376854,-0.2599434986271078,0.3156794312105654
68,127,0.5116691270186015,0.6614173228346457,-0.12013126312811412,0.7933650083947781
69,148,0.5909292271536922,0.6148648648648649,-0.572191722061524,0.5321625104880557
70,212,0.5577815984123798,0.5801886792452831,-0.5080778724648756,0.4398630398833526
71,174,-0.5889441683709303,0.5862068965517241,-0.7871733785034158,-0.44704344458814144
72,154,0.8361596107038105,0.6168831168831169,-0.3409115576608445,0.683172632808236
73,376,0.6213690568747942,0.5957446808510638,-0.2676560213577018,0.6400059802755701
74,380,0.21033909767701695,0.5552631578947368,-0.45765211831445124,0.21125693291265388
75,347,-0.16580582170965094,0.5590778097982709,-0.2627687726469506,-0.2222784972396516
76,71,-0.8540077973217656,0.5352112676056338,-0.9434026980698352,-0.7263018919872807
77,131,0.5236799365602975,0.6641221374045801,-0.2809471722269056,0.5564220043021373
78,427,-0.14963249417348376,0.5761124121779859,-0.30457508260273136,-0.18781762760529527
79,183,-0.10532528171901356,0.6010928961748634,-0.618816058347003,-0.10743026014768337
80,355,-0.14201793378883198,0.5211267605633803,-0.43466598136462087,-0.13577468808455423
81,313,0.8023852122810896,0.6038338658146964,-0.11557070168491516,1.1152750911479765
82,236,0.24518626734105708,0.6059322033898306,-0.3867919926774184,0.1901429489901326
83,117,-0.09126062391030837,0.6324786324786325,-0.335518965027725,-0.09732717994215469
84,208,0.36571728901782397,0.5913461538461539,-0.28185477964891154,0.39604280434468253
85,401,0.11706954465466544,0.5486284289276808,-0.292195376067725,0.13879024075530735
86,235,0.01116921162988569,0.5659574468085107,-0.3294903074078283,0.011215209895843735
87,366,-0.0702296029134407,0.5191256830601093,-0.550731900412526,-0.06825971695171927
88,308,0.4529677916912976,0.6006493506493507,-0.47208348749763335,0.4564075756010857
89,147,0.601905208852125,0.6326530612244898,-0.24160012376575848,0.5396678884971324
90,305,1.5242865223721125,0.580327868852459,-0.23068710804034012,1.1646925516734097
91,201,0.3384527404171539,0.5771144278606966,-0.49791225108164494,0.34938910191090905
92,347,-0.9681332038373454,0.5446685878962536,-1.0904215389995813,-0.8447868446476452
93,382,-0.15258041367073738,0.5261780104712042,-0.395219202802295,-0.14605744966616285
94,378,0.933014989982663,0.5661375661375662,-0.4601360520285035,0.47472090725761645
95,174,0.6510480403925568,0.6206896551724138,-0.2156856697644744,0.7807259167681431
96,406,0.1117088194332219,0.5566502463054187,-0.29270614899019815,0.12226750768200734
97,114,0.3840896120541141,0.7017543859649122,-0.9777953781507296,0.31253429443034575
98,138,-0.19133418464548127,0.6304347826086957,-0.48978649675671887,-0.17453736167309403
99,153,0.387217577266991,0.738562091503268,-0.9586198522796897,0.3143916073565692
100,298,-0.17885816706644345,0.5436241610738255,-0.6254028030645632,-0.1907116801492601
101,124,-0.1838249193046779,0.5967741935483871,-0.39885143668072914,-0.19646473326366168
102,234,0.3822069305595252,0.5811965811965812,-0.1815851527722376,0.5446218280545007
103,146,0.7716508759512719,0.6712328767123288,-0.18963190120068532,0.8766125690045633
104,138,-0.0023908536537196223,0.6304347826086957,-0.402674690442642,-0.002367525427133944
105,211,0.550574350154868,0.6303317535545023,-0.32680535988594617,0.4695129511138133
106,399,0.14378061236392858,0.5639097744360902,-0.34289413267756474,0.15637661459852814
107,364,0.5621946426666649,0.5741758241758241,-0.27951875806295207,0.5107505529922435
108,354,-0.40775884272276713,0.5508474576271186,-0.5851143538640363,-0.3920524162102001
109,119,-0.18899878947561335,0.6134453781512605,-0.302193068430485,-0.22738844945552428
110,105,0.22292020589771672,0.6571428571428571,-0.2705942823786884,0.23828053307084576
111,128,0.01055140833049225,0.5390625,-0.3871771380065346,0.012878085000281383
112,121,0.16237684691867565,0.6528925619834711,-0.33247696525970943,0.1421630094818092
113,177,-0.05105672622840047,0.655367231638418,-0.5582152255365087,-0.06432313508373429
114,188,0.2616034101144788,0.6223404255319149,-0.21540640801775324,0.29663678394352866
115,141,-0.21218629554702007,0.6028368794326241,-0.7172877975889883,-0.16803405240222885
116,244,0.23656343352775333,0.5942622950819673,-0.6563825096580331,0.22993862026619066
117,295,0.15707280656132436,0.5423728813559322,-0.6134142285405897,0.14160292100895175
118,407,0.5681235415857859,0.5896805896805897,-0.34665370814457774,0.5010997414438061
119,117,0.46417471446981523,0.7094017094017094,-0.21700519047807476,0.5511838078487691
120,407,0.5886877904965051,0.5626535626535627,-0.36353128683522506,0.41748398306330503
121,359,0.3548879041778186,0.5515320334261838,-0.2105668408631822,0.4676830709586416
122,384,0.6519356570022377,0.6067708333333334,-0.30764412401177066,0.4956486223331695
123,286,-0.23770502768635304,0.5559440559440559,-0.4604340366951673,-0.24099882500627381
124,304,0.755605229145723,0.6118421052631579,-0.23029031079863357,0.6997241135556141
125,148,0.039246843106863896,0.6891891891891891,-0.30734656317622994,0.040243864946871544
126,186,0.9127178830547801,0.6344086021505376,-0.35117622118328184,0.8214198604402707
127,83,-1.1874476149787998,0.6144578313253012,-1.4843687599152948,-0.7740386461132848
128,355,-0.4787179365686486,0.5380281690140845,-0.6038536526655884,-0.3652296046142002
129,366,0.31343972444585355,0.5792349726775956,-0.3422994203859941,0.3255448592828432
130,254,0.610002759376799,0.6141732283464567,-0.19965236212719217,0.7229647682960533
131,369,1.1878872728521266,0.5989159891598916,-0.189526043313924,1.1675308109300464
132,302,-0.568878207185575,0.5496688741721855,-0.6425586154737171,-0.4438049083700598
133,97,-0.09869219447572361,0.6391752577319587,-0.38326875297429547,-0.08087358570598782
134,159,-0.16003611897668027,0.6352201257861635,-0.3341077754750957,-0.1737573529853805
135,169,-0.39239833061790774,0.5502958579881657,-0.8564354228425356,-0.400619244408361
136,154,0.8028809472128408,0.6818181818181818,-0.3990463878131972,0.7284370258730644
137,367,-0.47901271630886677,0.5040871934604905,-0.7069011869385061,-0.49932025515280315
138,310,-0.3842476888293712,0.5387096774193548,-0.5282099976419863,-0.3346097493309088
139,148,0.6156683662281852,0.6621621621621622,-0.2070074474525605,0.706995262037488
140,193,0.5965960234175943,0.6373056994818653,-0.27732751153869406,0.6490162406866402
141,112,0.30813693604247555,0.6339285714285714,-0.1906373389551058,0.4209433383141868
142,402,-0.010929566483369036,0.5348258706467661,-0.40702759546196404,-0.010647109652361762
143,376,-0.01539721512061257,0.5345744680851063,-0.8079146549538153,-0.008348527075037134
144,233,-0.5938749521813388,0.5493562231759657,-0.7963706935931457,-0.4529064264658102
145,342,1.020526793444094,0.5877192982456141,-0.2841397441977664,0.8465072887970042
146,204,-0.20159369964496887,0.6078431372549019,-1.0904270724556788,-0.13421724064364676
147,111,0.08833572164804157,0.6396396396396397,-0.41144367516310626,0.09097962504048711
148,352,0.3714500431538753,0.5482954545454546,-0.36573702784241,0.29521307485421394
149,245,0.6162046147737021,0.6530612244897959,-0.1716422103508514,0.736623499702053
150,398,0.09005912828978875,0.542713567839196,-0.160697757339205,0.1430723366351266
151,203,0.30659244405153596,0.5517241379310345,-0.31069683825109085,0.3255092140580318
152,186,-0.4999182843699363,0.5860215053763441,-1.1688054344365884,-0.3799723215501766
153,237,-0.5619027317324066,0.5358649789029536,-0.9262892848290772,-0.4812572481307904
154,300,1.0940398743263764,0.6066666666666667,-0.336876659215994,1.0897090252166495
155,78,-1.578088158459791,0.6794871794871795,-1.6651199266096552,-1.1060273608600604
156,409,0.15497765451247364,0.5623471882640587,-0.47378571809689046,0.12598509505060917
157,111,0.12853845693938074,0.6036036036036037,-0.3639421956443152,0.10506481283778112
158,380,0.7978108298985133,0.5710526315789474,-0.26987764074615794,0.7764041981911031
159,365,-0.47834627466203883,0.4931506849315068,-0.5766115128981525,-0.4270988036197299
160,403,-0.2024000258074025,0.533498759305211,-0.5791816670254676,-0.15604459847079258
161,301,0.04484709090623539,0.5249169435215947,-0.28060092182640173,0.03732236826828014
162,250,-0.32013143651315845,0.572,-0.47702265730768034,-0.34444615712444127
163,209,-0.6034769754175918,0.569377990430622,-1.469730072111456,-0.3167686674280275
164,107,0.34911647145155916,0.6355140186915887,-0.16955893152346224,0.42894227040351485
165,343,-0.06433337598251697,0.5918367346938775,-0.3861062516422473,-0.07686096459246577
166,125,0.8500224124468345,0.72,-0.29496454768845876,0.9400063064938471
167,141,0.23095909906267303,0.5815602836879432,-0.2870061170648625,0.24647502338213226
168,245,0.5059714705849497,0.5673469387755102,-0.46356625572140275,0.46926442098448634
169,169,0.10940069582901486,0.6745562130177515,-0.3231957410217149,0.15695335182675346
170,179,-0.4099200578326627,0.6089385474860335,-0.4925955848759477,-0.2900745219754454
171,356,0.34818239545520774,0.5617977528089888,-0.6928044928946011,0.24112619428080737
172,88,0.006408236997577801,0.6590909090909091,-0.6138507878522974,0.006450025789492861
173,120,0.30983003793780645,0.675,-0.29215049041871743,0.3860367357104476
174,216,0.8863123775106317,0.6296296296296297,-0.20046255487089235,0.7544482206100397
175,123,0.1210529556739854,0.6422764227642277,-0.2570626834944276,0.13504211514454287
176,137,0.6191247400789738,0.6715328467153284,-0.2058663588135771,0.7215768806843097
177,340,0.2275007785388853,0.5823529411764706,-0.42083264434076667,0.21037277361631923
178,349,0.5177618351375162,0.5673352435530086,-0.6423418639689955,0.48643516904233
179,242,0.8072087421416171,0.6363636363636364,-0.23489632572815713,0.8897740494773733
180,244,-0.12501429551717141,0.5901639344262295,-0.16321165823921144,-0.1478401414071714
181,146,-0.2474950645453495,0.6575342465753424,-0.7507151165638679,-0.2027853544104934
182,139,0.590977195107376,0.7050359712230215,-0.2283982715706343,0.5654390960357532
183,335,0.1441434173884195,0.5761194029850746,-0.25016494870884604,0.17171175534517025
184,287,-0.3734465954002506,0.5470383275261324,-0.7044345031693253,-0.2998256014487042
185,252,0.06349332970248625,0.5753968253968254,-0.6776510636151759,0.053595650455562444
186,86,0.15202400831126536,0.6395348837209303,-0.7261337613056795,0.15831980166595874
187,284,-0.31501391832742737,0.5598591549295775,-0.7196742867935338,-0.25494259348567394
188,314,-0.7236111756185717,0.5477707006369427,-1.2772466189812635,-0.44986860114164345
189,160,0.42701541583680774,0.6625,-0.23391495733461465,0.41821402498456145
190,399,0.3584582154878489,0.5839598997493735,-0.27880184749297304,0.4256440821254683
191,126,0.36357650629467775,0.6666666666666666,-0.7192794342620605,0.2591675342777542
192,223,0.16017041803824428,0.6143497757847534,-0.6019265064584828,0.17533608525618988
193,350,0.13504632627147756,0.5457142857142857,-0.2282317202779118,0.1428699697000679
194,334,-0.5395085305901304,0.5748502994011976,-0.8263364731086017,-0.5265288171930818
195,186,-0.1457612114128029,0.6397849462365591,-0.5132526473299392,-0.12556911957879538
196,368,-0.49230875663015694,0.532608695652174,-0.47877226946462537,-0.38301976530889
197,311,0.008778452433132466,0.5594855305466238,-0.42088821703558144,0.007662314591378785
198,338,0.5836605939036167,0.591715976331361,-0.30001632929832756,0.496987168117446
199,109,0.513500100884456,0.7155963302752294,-0.396333210715392,0.45062434892335856
200,111,0.35346019129296546,0.6846846846846847,-0.30228289920233287,0.43795532180844565
201,231,-0.18810304837321692,0.5930735930735931,-0.3713294961236794,-0.25505051307164556
202,108,0.7463096943052162,0.6944444444444444,-0.1358814325835186,0.9554312786651479
203,268,0.22146430931504132,0.5970149253731343,-0.3552254001643106,0.27491008595434774
204,400,0.6916203575918588,0.58,-0.41728295247542474,0.4314008953747026
205,101,-0.6989986354143323,0.594059405940594,-1.136475975509662,-0.43563473470582215
206,225,0.8804454092714572,0.6444444444444445,-0.10989676122722075,1.1602504408541352
207,218,-0.13082446681334503,0.5871559633027523,-0.22452306166558056,-0.17417648342490005
208,310,0.6144405542445567,0.5741935483870968,-0.4297121168160673,0.4909204363537072
209,220,0.29751096709812147,0.5590909090909091,-0.39497673092785973,0.2245428275066411
210,104,0.5997345459832752,0.6826923076923077,-0.4116793992245617,0.5394172254634811
211,391,0.12330094793032319,0.5575447570332481,-0.37594260585738665,0.14039597924185188
212,240,0.5739344007118085,0.6708333333333333,-0.15908545761259812,0.8480425440067608
213,214,0.49917095040903714,0.6308411214953271,-0.20519856095810968,0.8423071468835642
214,310,0.07832453963704125,0.6,-0.5235141223166234,0.07532811896580084
215,176,-0.021498988883077018,0.5852272727272727,-0.48318761229421603,-0.023672045112032778
216,78,0.007831814833419376,0.6794871794871795,-0.4341044430867898,0.009019264725529653
217,413,8.046925465484061e-4,0.5544794188861986,-0.5130985790424111,7.674621454248886e-4
218,350,0.49531684540987475,0.5571428571428572,-0.1275165376526876,0.5600272333825842
219,198,-0.1255723803484581,0.6212121212121212,-0.5704111053905226,-0.11715240600050737
220,231,0.6944919203476293,0.5974025974025974,-0.24140678333025367,0.7404730117000169
221,121,-0.3379428787560201,0.5785123966942148,-0.7036387503127008,-0.3378189677284956
222,99,-0.017240303340603735,0.6464646464646465,-0.4898310652542878,-0.0185668832671747
223,322,-0.37154598018075025,0.5683229813664596,-0.7359546740417616,-0.30386551733739875
224,129,0.2951467656147937,0.6589147286821705,-0.23871888283065384,0.47437433011632174
225,183,-0.17927664442962724,0.5901639344262295,-0.5138501274881773,-0.18689625356129047
226,119,0.702493752611808,0.6890756302521008,-0.23215576797306062,0.6678273980601216
227,330,-0.14412482211170655,0.603030303030303,-0.5067246809453224,-0.1446338247410532
228,391,0.4920899919094406,0.578005115089514,-0.47583819219254814,0.2942496439836413
229,339,-0.011954808017014457,0.584070796460177,-0.2911051001442012,-0.011957208069107172
230,85,0.28026093711956296,0.611764705882353,-0.24971299184801404,0.3474092473912508
231,355,-0.16870295576702798,0.53239436619718306,-0.4410645567131283,-0.22238309667242726
232,94,0.25416823262703925,0.648936170212766,-0.1551072373141689,0.31008268594401556
233,136,0.3210793413956831,0.7058823529411765,-0.39122440009640463,0.32915209258206984
234,115,-0.04915449829926538,0.6521739130434783,-0.7217085094035744,-0.04402424693940989
235,215,0.13616224533247595,0.6186046511627907,-0.5829197045467001,0.13926026854955845
236,134,0.5312873855879374,0.6417910447761194,-0.4438028739132524,0.5002960384509701
237,334,0.5755378456569296,0.5958083832335329,-0.25000772054352033,0.4901408524259947
238,103,-0.05530657253287541,0.6504854368932039,-0.5046787485742932,-0.048763520099381244
239,118,0.31276196814884166,0.711864406779661,-0.6276239987603681,0.3829733526905755
240,231,-0.5940037967002597,0.5324675324675324,-0.7820536330659501,-0.6208903721144318
241,399,0.6261165423731079,0.5488721804511278,-0.3661095818750406,0.4122339186942216
242,204,1.1078082595349568,0.6715686274509803,-0.2057069759820232,1.1985863116805964
243,108,0.05957150529905434,0.6666666666666666,-0.3497932248702896,0.05700617104414981
244,104,0.13054470813717775,0.6923076923076923,-0.30304938864207054,0.15657867800052405
245,381,0.43551435357885626,0.5774278215223098,-0.15904402178527127,0.5990181722475567
246,204,0.60085079439318545,0.6568627450980392,-0.3822804582248919,0.5786873830462574
247,335,0.26808544375216375,0.5761194029850746,-0.27689727500846334,0.22763713152448187
248,274,-0.6789541912115578,0.5766423357664233,-0.740860938374381,-0.6378902959025964
249,132,0.09906004679623041,0.6590909090909091,-0.5141424505300678,0.1025855317241617
250,189,0.722211384317032,0.6613756613756614,-0.1260727288550606,0.9738305289296034
251,206,-0.11985563998320528,0.6019417475728155,-0.374251151332131,-0.15794153211470766
252,393,0.1279984746828832,0.5521628498727735,-0.2789873791719795,0.1497434406921091
253,88,-0.24894524495964332,0.6818181818181818,-0.4317223350374047,-0.253601629606262
254,392,-0.5922994947289076,0.548469387755102,-0.8271898187844139,-0.32869231179460906
255,100,-0.4989143470534439,0.59,-0.8186031450948247,-0.4395624285355266
256,186,0.19357899302551163,0.6236559139784946,-0.2465215189409035,0.2301911294829265
257,324,0.6245491443037495,0.6018518518518519,-0.2433468078973353,0.6696576022065918
258,137,0.45245369846985756,0.6204379562043796,-0.24827975094407634,0.44614698887247134
259,410,-0.36402117631311903,0.526829268292683,-0.8004072974688203,-0.36087663581719653
260,392,0.5241718885712365,0.5612244897959183,-0.2610558547976848,0.5982205115062186
261,153,0.6906922282128388,0.6274509803921569,-0.2580667761924239,0.6687593110403208
262,112,0.26793521699652223,0.6517857142857143,-0.2794163286166986,0.27802246589117774
263,261,0.10308986036739175,0.578544061302682,-0.4744811673968567,0.09848479672043377
264,277,-0.4084444528683498,0.5595667870036101,-1.5514318366813777,-0.22863467833985954
265,123,0.427284724541731,0.6747967479674797,-0.31745128974792103,0.42647296450134264
266,318,-0.4992362520555522,0.5817610062893082,-0.8300710019716606,-0.35929637432838774
267,340,-0.005763835623407722,0.5852941176470589,-0.40917904187847726,-0.005716155945700903
268,133,-0.06641599159626599,0.5939849624060151,-0.24253232877631217,-0.10270966796723459
269,102,0.09873339454008298,0.6470588235294118,-0.34804364027691337,0.1025358255338722
270,180,0.035242876647498596,0.6333333333333333,-0.4584321968765453,0.030494385242556193
271,306,0.8409438078186053,0.5816993464052288,-0.2122880467025088,1.0270496676705287
272,225,-0.6319350275115383,0.5688888888888889,-0.9361355428100843,-0.5273081184569419
273,398,0.6265305614485721,0.592964824120603,-0.3284004750426438,0.566910388047316
274,146,0.6790388443907202,0.6917808219178082,-0.16716930352117568,0.788168456868909
275,150,0.10316469427253087,0.66,-0.2211696256732128,0.11437765032172799
276,416,0.008906106228157901,0.5408653846153846,-0.22590106576682845,0.008041378017629127
277,260,-0.3772972609889568,0.5346153846153846,-1.651678006515183,-0.23010112898650747
278,89,-0.18721017344070773,0.6067415730337079,-0.3152612998137103,-0.18180468174960795
279,163,-0.18290655499414513,0.6134969325153374,-0.9351342091681386,-0.13743860807430272
280,429,0.24650292846289004,0.5710955710955711,-0.35594320615305425,0.20461031174183153
281,400,0.9383801884721676,0.5575,-0.4614889783653838,0.5466838966723001
282,171,0.5748391818729305,0.6257309941520468,-0.1382133294588559,0.7777019951090994
283,218,-0.6872339664982515,0.5642201834862385,-1.77995124372328,-0.4274069167090354
284,280,0.316675810609514,0.6142857142857143,-0.15905424385736847,0.461840903545905
285,179,-0.36096363492472683,0.5642458100558659,-1.218915500570189,-0.26542569578712893
286,370,0.31190391995555156,0.5405405405405406,-0.49463175362051,0.27103707830987894
287,317,-0.716961162864025,0.580441640378549,-0.742569671283159,-0.5480134934807164
288,234,0.5977549533345252,0.6324786324786325,-0.2666900067307578,0.49373325321341294
289,384,-0.1331305583098818,0.5703125,-0.5567641642792514,-0.11158490542420475
290,374,0.7174333841217526,0.5748663101604278,-0.1997351461818935,0.7021032615161117
291,137,0.406466304417693,0.6642335766423357,-0.3203060072400714,0.33305639875440174
292,137,0.5736054924274678,0.6642335766423357,-0.13788115074289578,0.7984699842430524
293,208,0.047737282737810305,0.6153846153846154,-0.4255755338857072,0.050768531566372725
294,165,0.9512381629029306,0.696969696969697,-0.2703587633499675,0.9509434286687384
295,116,0.3250875528037487,0.6551724137931034,-0.21617319614135289,0.4397222248186021
296,204,0.5624628909264876,0.6372549019607843,-0.22364732198467668,0.768987253087518
297,148,0.18721251487017845,0.6216216216216216,-0.2241532333948166,0.21377986419486006
298,142,0.2133960517516738,0.5985915492957746,-0.2847384855393964,0.22402019979141702
299,401,0.007327196660849405,0.5586034912718204,-0.31140977446174484,0.006734638720987875
300,350,-0.4542867263267575,0.5171428571428571,-1.2326596641593681,-0.3493871015397143
301,97,0.5968909313627184,0.6597938144329897,-0.31440911255965776,0.4420362070969868
302,75,-0.8140319797520199,0.5333333333333333,-0.9261037916767455,-0.5864172637820291
303,389,0.18548331586658123,0.5629820051413882,-0.48117289783560285,0.19197341307618754
304,373,-0.7485120511824241,0.579088471849866,-0.9765544818902502,-0.525041007455545
305,205,-0.14766864245841305,0.6585365853658537,-0.9390709408382519,-0.09426580534139968
306,181,-0.329087862431653,0.5524861878453039,-0.8074776531616548,-0.30504173638142007
307,304,0.10194649355161016,0.569078947368421,-0.3184095214018875,0.08534610279672553
308,124,-0.09519575483682259,0.5967741935483871,-0.42508065964598146,-0.10255329614778932
309,100,0.627244827898771,0.68,-0.4124694605751443,0.4943943166549712
310,181,-0.266498870201883,0.5580110497237569,-0.6398076626262111,-0.278190876470514
311,361,-0.28509879257201826,0.5207756232686981,-0.38577928984594806,-0.2704097695593479
312,291,0.4762906203140034,0.5532646048109966,-0.1606410706816619,0.6688805754175341
313,402,1.2891510287532686,0.5621890547263682,-0.42867383506365914,0.7801006274767808
314,392,-0.13308842052113587,0.5637755102040817,-0.3724794232087801,-0.15005774092719643
315,117,0.3382579049279424,0.6324786324786325,-0.6622126283183041,0.2964315716071147
316,237,-0.18726651582346646,0.5991561181434599,-0.3037005315968269,-0.1661248930043601
317,294,-0.13960894320304748,0.5816326530612245,-0.4721413894290656,-0.12646245957876087
318,183,-0.17736677596316225,0.5956284153005464,-0.7680427824946793,-0.13317075544239784
319,145,-0.06047107281335624,0.6068965517241379,-0.4496015482882879,-0.08902156495194048
320,135,0.5912000425173808,0.6518518518518519,-0.30790022997490296,0.5882712889751045
321,345,-0.14926247188996644,0.5246376811594203,-0.5280783194803724,-0.16262010467507407
322,366,0.1279585985543157,0.5355191256830601,-0.276986419292514,0.1741453977782482
323,378,0.7128546169797749,0.5687830687830688,-0.40382030648765943,0.5834675691325156
324,408,-0.6949308568767535,0.5122549019607843,-0.7780054473266258,-0.4893885595773156
325,194,-0.7759750898356865,0.5670103092783505,-1.0313740926465087,-0.7007535196832096
326,96,0.24969599344205104,0.6354166666666666,-0.174175220720313,0.32702002684424825
327,382,-0.050318197782669945,0.5575916230366492,-0.6661244552389202,-0.041410103475983576
328,410,0.3731457571349754,0.5609756097560976,-0.3673442244585901,0.33669359608688987
329,70,-0.1761863473537187,0.5571428571428572,-0.5805941676433755,-0.2287886596534766
330,306,0.5980596769634167,0.5816993464052288,-0.6215673458894805,0.4409619546222843
331,174,0.27440669143067714,0.6666666666666666,-0.241242857965451,0.4960315882589999
332,386,-0.38656803479143514,0.5077720207253886,-1.1202103400364574,-0.2966909827685865
333,116,0.22526645971169718,0.6982758620689655,-0.30250355077220803,0.23884955503510538
334,102,0.03089402733854393,0.6568627450980392,-0.6872689619644361,0.02462434828777691
335,371,-0.4686665919841201,0.5444743935309974,-1.2127739046258008,-0.3852532052694742
336,184,0.2504149848675988,0.6086956521739131,-0.2887734773401848,0.2746722313424296
337,402,-0.16481416464414222,0.5447761194029851,-0.4423878650587157,-0.14664717750842932
338,88,-0.2038726696140222,0.5568181818181818,-0.40187733846378154,-0.2771627652188426
339,265,0.16771450589606665,0.5622641509433962,-0.4990993430014931,0.15468902062067302
340,153,-0.7008652578303369,0.5555555555555556,-0.8762305047839829,-0.4301182052988499
341,137,0.327835284864174,0.6423357664233577,-0.40321427560431833,0.3536101045585308
342,313,-0.08792512918898744,0.5623003194888179,-0.4337939281775237,-0.0887332306425098
343,206,-0.4204684984241217,0.5970873786407767,-1.105802327956733,-0.3400895313861675
344,161,0.5129259094988526,0.6024844720496895,-0.3877495435362601,0.4047975628369941
345,410,-0.0706166545316148,0.5560975609756098,-0.5859384775289549,-0.05055358265755094
346,359,-0.07620333285306459,0.5376044568245125,-0.2873704445681202,-0.07277901220764331
347,123,-0.08783476573049137,0.6178861788617886,-0.5358680698647637,-0.09092952280206561
348,320,-0.33935018031949976,0.559375,-0.5981219929819762,-0.31971706903015956
349,282,0.39681882273566815,0.5425531914893617,-0.29997529952991836,0.2681381526655836
350,161,0.3593923876723393,0.6894409937888198,-0.3942543608136009,0.30911753012588533
351,224,0.8177765153151182,0.6026785714285714,-0.3136649867362895,0.7065267859174719
352,185,-0.0577209268739884,0.5459459459459459,-1.0648113970730928,-0.03905120983412886
353,139,-0.3110495546890823,0.5683453237410072,-0.5701596715614867,-0.28037486279954177
354,93,-0.1103836888541448,0.7096774193548387,-0.7986793304886659,-0.12027742122489501
355,149,0.7302670590348916,0.6375838926174496,-0.19110079127183358,0.7165862519896355
356,397,0.34505635974261484,0.5440806045340051,-0.16186753998404388,0.42127535199240546
357,207,-0.2775479432494499,0.6135265700483091,-0.46011370017552267,-0.2561995320630093
358,239,0.2382554942443056,0.6317991631799164,-0.38872657466569716,0.27149600653551814
359,404,0.708850920229845,0.5618811881188119,-0.26325882728777716,0.620359279564542
360,321,0.5952794085286822,0.5950155763239875,-0.37588801241412384,0.6708502215836155
361,271,0.16811385823100464,0.6051660516605166,-0.22031063074022497,0.18361261277828642
362,375,0.8250283262822466,0.5413333333333333,-0.4277086575815137,0.6128959135064737
363,385,0.23341855479430626,0.5298701298701298,-0.3694791306115322,0.1713338910508513
364,119,-0.05794849509426882,0.6218487394957983,-0.5449504445745273,-0.07146755275653346
365,146,0.6675279816790759,0.6438356164383562,-0.23651572034172724,0.6308016867206273
366,104,0.9102750156966237,0.7115384615384616,-0.24013543820738026,0.9071584807549137
367,356,-0.09936334495268588,0.5308988764044944,-0.40113726576220043,-0.11970223408996158
368,94,0.31439740334257227,0.7021276595744681,-0.4745515519813599,0.33965961072675455
369,247,0.4580041917717166,0.611336032388664,-0.4554116581286984,0.3851897869440466
370,378,0.4434226398543691,0.5264550264550265,-0.5627397655031954,0.4086418310665272
371,255,0.39440827233261,0.596078431372549,-0.3784071321253643,0.44218683000192655
372,197,0.12477556507688506,0.5939086294416244,-0.21483330626439937,0.15158354083739708
373,378,0.3104780070196208,0.582010582010582,-0.3425045374148253,0.40121479765491674
374,395,0.8860666427792783,0.5594936708860759,-0.33917098888548913,0.6575272194601304
375,389,0.03564230902951283,0.5886889460154242,-0.2997487763926868,0.0271774166248701
376,147,0.30422138676723737,0.6462585034013606,-0.36517570969770974,0.27005398767829336
377,360,-1.2953845123562002,0.5222222222222223,-1.5789346092169498,-0.8991757665894726
378,129,0.8820294015115769,0.7054263565891473,-0.23551312833254104,0.8101487711872565
379,116,-0.13287977445261012,0.6982758620689655,-0.4630625481125306,-0.11984275542265226
380,413,0.9048622140944246,0.5835351089588378,-0.24285295908673718,0.9884313338134663
381,402,0.6382793007523418,0.5671641791044776,-0.5719866807362096,0.47756793465004127
382,228,-0.24809806593948214,0.5877192982456141,-0.7595623301342964,-0.1775631825413254
383,253,0.48131338749452945,0.616600790513834,-0.1410421384724337,0.7638865874711757
384,162,0.680231795255449,0.6604938271604939,-0.4092355925247533,0.6201384304326516
385,353,-0.03429562616685217,0.5354107648725213,-0.6506829725696365,-0.029399824790062225
386,147,-0.06413817335351298,0.6190476190476191,-0.4623687113159598,-0.06043366843943635
387,186,-0.07514674463310735,0.5752688172043011,-0.42201810821749064,-0.07809890404810978
388,241,0.41516514819773154,0.6058091286307054,-0.23158008812536443,0.3971495853151542
389,243,0.6723589915771528,0.6460905349794238,-0.15306091594413807,0.9754590080983503
390,371,-0.2926428756265094,0.5633423180592992,-0.4362287428894046,-0.2646544323491662
391,201,-0.06553209060166076,0.5771144278606966,-0.5236676666117972,-0.05100499357842122
392,133,0.311490511237522,0.631578947368421,-0.26831919706022467,0.36162950541207534
393,81,-0.5657550993913204,0.6419753086419753,-0.7960853490380448,-0.46574358168038094
394,157,-0.48241891151787386,0.5732484076433121,-0.6696750937876559,-0.43707756812695986
395,246,1.0132475633290137,0.6260162601626016,-0.24523806926222833,0.9721139791291813
396,230,0.09689344771752115,0.5739130434782609,-0.3339942153325183,0.10028934633372114
397,356,-0.21971800687612056,0.5224719101123596,-0.6046845287755068,-0.1502340258946953
398,92,-0.21860648606570568,0.6847826086956522,-0.49998761914706796,-0.23862214159954775
399,157,0.2632010538819882,0.6687898089171974,-0.27624322023293674,0.2689642253263937
400,262,0.055394028966258495,0.5572519083969466,-0.2604504599574482,0.07442332654243804
401,167,0.5015489625799747,0.7005988023952096,-0.4053107474656673,0.5224479374537975
402,413,-0.18181520686472402,0.5544794188861986,-0.5076162249548892,-0.2144622645290204
403,97,0.3159480239302022,0.6185567010309279,-0.3048714662271517,0.36251084793768096
404,268,-0.3246584931542703,0.5634328358208955,-0.7930168797471909,-0.21781996977017684
405,213,-0.5259919826011724,0.6338028169014085,-0.7932596953762636,-0.4158152578945033
406,220,0.47942323403327836,0.65,-0.5797541474753035,0.38554355707075355
407,215,0.39744276590112565,0.6093023255813953,-0.46566449728665166,0.31350486242753095
408,231,-1.1628580199224976,0.48484848484848486,-1.359971115650111,-0.7991499401029566
409,86,-0.44862826814055445,0.6046511627906976,-0.4713546962721088,-0.5086235740759373
410,164,-0.10236829904991353,0.6219512195121951,-0.4201279669154433,-0.1486724192510696
411,281,0.4199261438021891,0.608540925266904,-0.3492360833658249,0.3953315919048151
412,339,0.21305379751716788,0.5368731563421829,-0.2341611635227842,0.26142537040760033
413,361,0.10439751368214913,0.5207756232686981,-0.3262182290168492,0.07969895040650277
414,287,-0.4712887389793231,0.5923344947735192,-1.088082002537411,-0.32441065707011235
415,124,0.6500406013653758,0.6290322580645161,-0.31943917239691055,0.6658826636040067
416,163,0.3655322642636327,0.6687116564417178,-0.33389338854643247,0.41487436594014987
417,407,0.7400138248238782,0.5651105651105651,-0.18398743259455955,0.685963014192187
418,374,0.5992407707478927,0.5989304812834224,-0.1801155085157953,0.6248542777408129
419,148,0.17841369470665408,0.6756756756756757,-0.37595702485185695,0.18746855725234535
420,293,0.13851561621418398,0.5972696245733788,-0.5574060633284654,0.12361423079924369
421,176,0.09731821523655008,0.6022727272727273,-0.46011224071993534,0.08001399143602742
422,350,0.049132926096829836,0.5457142857142857,-0.45958669523298246,0.045251865605406054
423,129,0.44048062513986685,0.6434108527131783,-0.2054128115076939,0.4150351056077229
424,97,-0.2524128435341441,0.6494845360824743,-0.7001975420362985,-0.21650327393496888
425,218,0.49362591853811966,0.5963302752293578,-0.2997443911418807,0.5381646180101191
426,257,0.1384575568090255,0.5447470817120622,-0.2869332728171581,0.147145672324509
427,355,0.9225325626791537,0.5746478873239437,-0.18829560268878293,0.9745688169264434
428,76,-0.7690977894744914,0.5789473684210527,-0.8181532876994404,-0.6851473419651319
429,424,0.5784483428621545,0.5778301886792453,-0.3860989376501865,0.41454908950137986
430,215,-0.2590041000795453,0.5581395348837209,-0.6255321542017123,-0.27747983218448125
431,232,-0.2621046341946639,0.5344827586206896,-1.0550576692808127,-0.2082841972146142
432,96,0.007785854772956397,0.65625,-0.3203505647675549,0.008843928731478457
433,313,0.2365299173591782,0.5942492012779552,-0.31443123134301315,0.22271895182497098
434,345,0.8531765079472439,0.591304347826087,-0.2252082703802233,1.0257827380743494
435,310,0.4001982626770861,0.5709677419354838,-0.22781289446212274,0.41660224057739187
436,399,-0.02992247854848427,0.5588972431077694,-0.23854497150874387,-0.031770315463785025
437,160,0.2787646169331277,0.6125,-0.27169422577631797,0.359244952585783
438,248,0.05920783189295484,0.5443548387096774,-0.30266366212685203,0.06307100564775585
439,114,0.4315526821624977,0.6403508771929824,-0.16225843818923838,0.5436706197288691
440,264,0.10561770131781945,0.5946969696969697,-0.4409136040086785,0.12389156565100093
441,197,0.6767614610989636,0.6395939086294417,-0.23278842938027858,0.5770428088299994
442,323,0.6650803275723338,0.6470588235294118,-0.19230940696070717,0.7789525073529792
443,166,0.36529755797677954,0.6325301204819277,-0.18425557971402176,0.44326581527810344
444,226,-0.0637769667147754,0.5707964601769911,-0.30743437620710856,-0.06458149464431619
445,358,0.3995737855068531,0.5921787709497207,-0.17529407278472484,0.4768702420934512
446,165,-0.370546906083394,0.593939393939394,-0.7608898950887865,-0.39150031516488437
447,89,-0.022613903545854335,0.7078651685393258,-0.24042955560420842,-0.03692868999550339
448,92,0.26184423547252145,0.6521739130434783,-0.31697280338350386,0.2904428242215114
449,144,-0.40723477300833855,0.5833333333333334,-0.9149007390000995,-0.3701281169494167
450,323,0.19651012487302888,0.5851393188854489,-0.2949091442048211,0.2501815648022537
451,370,0.11861080126784025,0.5891891891891892,-0.40904643266367136,0.11388513846988603
452,201,0.10836464516872563,0.6417910447761194,-0.4707768371147779,0.10912865373157962
453,113,0.3768769226060079,0.6194690265486725,-0.2848881493394962,0.39808505943340977
454,191,0.23147127429213848,0.5602094240837696,-0.29504197841979724,0.2533698210755638
455,237,0.4292324044572799,0.5864978902953587,-0.5509804843893678,0.2198290318840159
456,127,0.4753462765369522,0.7165354330708661,-0.2611810295910687,0.4386903146612428
457,288,-0.38405965524593555,0.5451388888888888,-0.7061786630525536,-0.3612730415190361
458,126,0.293261495315777,0.6349206349206349,-0.4992083266141763,0.2778354154440535
459,395,0.34403198046739886,0.5518987341772152,-0.3877139417672916,0.2940868840229814
460,178,-0.27513943992065704,0.6067415730337079,-0.4402822146951169,-0.3632134831096215
461,139,0.4755807264509728,0.7122302158273381,-0.3638399736629398,0.5634195180407606
462,155,-0.21340304446466773,0.5870967741935483,-0.3896341746885045,-0.22982626116700428
463,182,0.23800080615273556,0.6043956043956044,-0.21708403526811013,0.2882803350918004
464,265,-0.007324694430781977,0.6,-0.5096627916381564,-0.005929911934019898
465,143,0.03564377525208725,0.6083916083916084,-0.26843815296312606,0.04581355356836968
466,279,0.565304545433789,0.6021505376344086,-0.2722740862869025,0.5791318325633755
467,167,0.38243503963648146,0.5748502994011976,-0.18625804613350896,0.5515388687562038
468,97,-0.10098513830409041,0.6701030927835051,-0.44095735311566675,-0.13964419847865625
469,149,0.1655935947613742,0.6308724832214765,-0.2763263200856134,0.21744551747351348
470,250,0.6389226298812692,0.632,-0.22459402273856915,0.7115095660604253
471,98,-0.6141188333938821,0.6530612244897959,-1.2658396643889374,-0.506407620516355
472,111,0.20140237732066193,0.6666666666666666,-0.6829470101621291,0.14564129472674728
473,223,-0.06719444967920479,0.5381165919282511,-0.4159753395644956,-0.05156001777374487
474,95,0.30711889091373623,0.6,-0.17185114664578113,0.3811276388097452
475,88,-0.34550822599697917,0.6363636363636364,-1.2806091937304616,-0.23608704086183344
476,341,0.5651983198802667,0.6070381231671554,-0.4773306905489919,0.5125229846922505
477,83,-0.0560172209621049,0.54216867469879515,-0.3849687708991227,-0.057997342145783976
478,112,-0.16634842046123796,0.6160714285714286,-0.34874478667154224,-0.17196052888281213
479,253,0.08833096213920813,0.5889328063241107,-0.5091197956374668,0.06729559250305507
480,408,0.15605349750278,0.5808823529411765,-0.2814462772065817,0.2224516013574537
481,77,-0.5080829322387385,0.5974025974025974,-0.6928909454302333,-0.5440772234214729
482,108,-0.21584648983680202,0.6574074074074074,-0.5343580115578408,-0.2435154255500719
483,94,-0.01098281425268551,0.7021276595744681,-0.44360924528250456,-0.012938103792082174
484,115,0.2904693258637655,0.6782608695652174,-0.302916636974145,0.3625121845170858
485,393,0.5931519436036404,0.5597964376590331,-0.3649263707035049,0.4550361429632848
486,363,0.017320192310474623,0.5564738292011019,-0.3628847916596076,0.013042414343644938
487,133,-0.1829967493066097,0.6616541353383458,-0.5157215309835776,-0.2077725177198737
488,187,0.6710489311477483,0.6524064171122995,-0.3190160058444655,0.6782160534555336
489,167,-0.2559074661702439,0.6287425149700598,-0.5722232267528069,-0.2519292187496707
490,85,-0.3395053505129729,0.611764705882353,-0.5144465689077489,-0.3468206393238825
491,349,-0.2896938920654212,0.5673352435530086,-0.6206409103207642,-0.211035266556738
492,190,0.3569220345769755,0.6210526315789474,-0.2631341310010954,0.4639994793496729
493,93,0.14859738318634041,0.6236559139784946,-0.24670737385416733,0.2043171823246045
494,128,-0.6788281406584639,0.59375,-0.9972967469902693,-0.5073235301646587
495,381,0.5487496594905943,0.5459317585301837,-0.3105363092338714,0.4541857963669141
496,299,0.19617670606866044,0.5384615384615384,-0.54485618949566506,0.21659235608195201
497,294,0.12815946093289546,0.5850340136054422,-0.5694873869022705,0.12887579310692668
498,230,-0.20543057251635197,0.6086956521739131,-0.668448644558165,-0.14069904641009545
499,90,-0.3347330347593698,0.6111111111111112,-0.5670256658601851,-0.3875635345162464
500,423,0.36435434463502553,0.5626477541371159,-0.1649352075885521,0.44840694937459435
501,443,0.5882189232100781,0.5846501128668171,-0.2387991264183531,0.6408468649030175
502,307,0.3899553041283409,0.6091205211726385,-0.4061959444440997,0.3933306583222996
503,280,-0.09562537575104127,0.5642857142857143,-0.5355667757333858,-0.06905836296231417
504,108,0.504876197408514,0.6111111111111112,-0.273510685686274,0.6501023788426733
505,302,0.29246499049184,0.5860927152317881,-0.16197580946633328,0.40481149945031325
506,218,0.3899614882673788,0.6055045871559633,-0.15733455181393313,0.43836901937413
507,186,0.16076746408101877,0.6559139784946236,-0.5556664516783488,0.13686217906107734
508,239,0.24744928865154295,0.6150627615062761,-0.4570485874674254,0.2121941311858581
509,168,0.4395010138838075,0.625,-0.67861172482099,0.2955596484179148
510,151,0.8757720919825576,0.6688741721854304,-0.1509340457890865,1.1540724297717446
511,384,0.6687411977400667,0.5885416666666666,-0.631357037411802,0.533311375323947
512,127,0.44160514167424675,0.6535433070866141,-0.3403529892569684,0.5031725754973801
513,377,-1.488910223034304,0.5039787798408488,-1.546171479846411,-1.4527260595490668
514,119,-0.8346865198317459,0.5714285714285714,-0.8805575264169554,-0.7270031329942924
515,91,-0.16902011661341163,0.6593406593406593,-0.7216818890849226,-0.14034100121725543
516,271,0.8765020654982791,0.5756457564575646,-0.3120967655084192,0.7661642603482316
517,146,0.3839063423850835,0.6232876712328768,-0.15792397965411875,0.6136123474061292
518,86,-0.5224567747281984,0.6395348837209303,-1.032891972158727,-0.36331702571220215
519,149,-0.2876758427204802,0.5838926174496645,-0.5668894161235527,-0.2981513354419439
520,163,-0.31576500214204656,0.6257668711656442,-0.6773893049422464,-0.28723353773465604
521,109,-0.06042486662862669,0.6605504587155964,-0.3787921957674998,-0.05555776515618549
522,212,0.22316551638829035,0.6037735849056604,-0.49758149125454537,0.17601207914522674
523,289,0.8656611641332425,0.629757785467128,-0.15263579911313976,1.0721699564984515
524,358,-0.4332756491781242,0.547486033519553,-0.9089072346437718,-0.35832376688546885
525,319,0.043091706386253474,0.54858934169279,-0.9579286659547008,0.029123673711921507
526,306,0.14047128565118333,0.5915032679738562,-0.1756077146112885,0.21121922476682534
527,93,-0.07282691363339824,0.5913978494623656,-0.5916811018344444,-0.06998905691113005
528,117,0.20242794459228436,0.6837606837606838,-0.2271197397418274,0.31517549797313715
529,264,0.33089311359110174,0.5909090909090909,-0.26447434375064016,0.2890723997352517
530,156,0.1862607587229846,0.6410256410256411,-0.26987342303471823,0.20056449819837344
531,332,-0.43225572842541343,0.572289156626506,-0.5337775427534104,-0.4345853559066449
532,193,0.19056908049507412,0.616580310880829,-0.640162010655962,0.1908852458427891
533,397,0.74785125636506955,0.5566750629722922,-0.18816184334940952,0.6838717647768469
534,296,0.20146245678488184,0.6148648648648649,-0.226923358755102,0.19979734103316596
535,342,-0.08043894723136412,0.5877192982456141,-0.3384691354643798,-0.08872703133469409
536,254,0.6836192094183402,0.6141732283464567,-0.331077958240529,0.5507536270618113
537,415,0.2845562370169926,0.5662650602409639,-0.21764354362000554,0.4371363446576239
538,130,0.052310986931350625,0.7,-0.237487527576814,0.05191262886798531
539,307,0.28697092263206375,0.5895765472312704,-0.2342924241544568,0.32917979938691505
540,120,0.24624489200494667,0.6083333333333333,-0.5538575961611671,0.23104800669765618
541,248,0.6799642189366466,0.6290322580645161,-0.4498717805153183,0.766410502850158
542,257,0.005865349909057074,0.5836575875486382,-0.3352909020563981,0.009393476863158584
543,101,0.11942892136202941,0.6237623762376238,-0.2707004700194706,0.15826997683463254
544,429,0.24452883433380265,0.5664335664335665,-0.21931916236771615,0.2910938391931593
545,119,-0.4484640356533893,0.5882352941176471,-0.6136522585184155,-0.2879351408943464
546,408,0.15396722491304596,0.5490196078431373,-0.3909966848571718,0.1524149170462109
547,259,-0.2908114309649889,0.5482625482625483,-0.4944959404217319,-0.2738971050295489
548,132,-0.7089444121230318,0.6439393939393939,-1.0460510794509157,-0.664959039027141
549,188,0.5771028369869626,0.6914893617021277,-0.42865376320068177,0.4992254643957554
550,243,0.4143910734268227,0.6666666666666666,-0.17289135181003856,0.5710845187942906
551,393,1.2077637506409211,0.6234096692111959,-0.23191083980230287,1.2763262702775862
552,337,-0.2892921360824262,0.5756676557863502,-0.6587281145717009,-0.23688010156146977
553,423,0.11206221681192613,0.5602836879432624,-0.34679672808495704,0.12078433484466475
554,234,0.05894197313874318,0.5555555555555556,-0.3400314188698388,0.05691777532664029
555,135,0.30771852211711204,0.6444444444444445,-0.20461407347316052,0.2918423273280466
556,215,0.3314611940912277,0.5813953488372093,-0.2697184634607336,0.3073755449387837
557,266,-0.4471163739859497,0.5338345864661654,-0.8159300549711672,-0.4232385882917535
558,108,-0.8287903760906353,0.6574074074074074,-1.8214781186009648,-0.6317203961960679
559,182,-0.43119244870849455,0.6263736263736264,-0.5692046156322167,-0.41844301133151895
560,200,0.8683412464711048,0.655,-0.2475094896546185,0.812701066007699
561,343,0.8197225912611816,0.565597667638484,-0.24541750698303852,0.7346879333393141
562,129,-0.47661744700988024,0.6201550387596899,-1.1594965974186773,-0.3783342869906163
563,265,-0.22982237850498255,0.5660377358490566,-0.42291276075596385,-0.3115447993256437
564,166,-0.2771017713360405,0.5903614457831325,-0.3298986414304894,-0.23675947130677238
565,188,0.21181480407184658,0.574468085106383,-0.351059508969187,0.1795762295832739
566,257,0.996530652848976,0.6070038910505836,-0.2803032912814137,0.9297346106001254
567,137,0.1578398895567059,0.6715328467153284,-0.3224776314347423,0.17232887200605362
568,393,0.30787373273336355,0.5521628498727735,-0.34141828747082653,0.2494000340363655
569,302,-0.38282013179445074,0.5397350993377483,-0.7246159744253163,-0.36280431418004766
570,405,0.32032087667930337,0.5580246913580247,-0.4319972640170538,0.31959837048003437
571,101,-0.2549541822717262,0.6435643564356436,-0.5167203073406672,-0.2915857176178602
572,390,-0.2440091434006973,0.5512820512820513,-0.594171616643349,-0.15847804465096155
573,191,0.7581796486689131,0.6649214659685864,-0.3263642004004033,0.6977570936051979
574,162,-0.7019341852057686,0.5740740740740741,-0.9633866032244024,-0.5544027796293337
575,166,0.08166172476011674,0.6265060240963856,-0.5875438043027565,0.06634266667781256
576,405,0.5014503292577022,0.5753086419753086,-0.24181932650081153,0.6279693664617727
577,379,0.6379428537156902,0.575197889182058,-0.2603044358549119,0.6925304798175931
578,382,0.3659543107137659,0.5314136125654451,-0.41842353597548615,0.3749339613196739
579,380,0.3697685744896642,0.5736842105263158,-0.3376572758038633,0.3374021753778462
580,107,0.5916051957323798,0.7383177570093458,-0.20067668008605705,0.771681655157599
581,116,0.05698340267937885,0.6896551724137931,-0.3524080299282845,0.07079256685393927
582,343,-0.33448556077632646,0.565597667638484,-0.5549991189939719,-0.36089136084598955
583,387,-0.11079673489927365,0.5891472868217055,-0.40652209733733824,-0.08800980424843995
584,191,-0.2655854531763213,0.5445026178010471,-0.5579712244200074,-0.19660190545606077
585,412,0.6090226214764526,0.5922330097087378,-0.2624563159744395,0.5290334948421479
586,398,0.15730775985972356,0.542713567839196,-0.41844759870384785,0.15688738378172468
587,309,0.3021704624614581,0.6343042071197411,-0.2936485458822199,0.3515546167219179
588,334,0.046879137237001954,0.625748502994012,-0.5472437750158126,0.04526172714216112
589,402,0.3022686239447095,0.5348258706467661,-0.495553485399206,0.2973448488676869
590,335,0.5526358328486002,0.6059701492537314,-0.31192089630300546,0.4175301915518319
591,179,0.24805581159520856,0.5810055865921788,-0.35006530575332395,0.2155344271497869
592,122,0.4544980694707806,0.6721311475409836,-0.15216486226346854,0.6414794890454105
593,360,1.18008954404058,0.6138888888888889,-0.2250023234000162,1.0286289798910768
594,306,0.6212224292170611,0.5915032679738562,-0.5617622633300946,0.45288912319297653
595,295,0.10539606913322618,0.576271186440678,-0.5880471830056029,0.07661045376623801
596,208,0.25355320729911496,0.6298076923076923,-0.5157633568991167,0.17741587336778655
597,290,0.3384250496698939,0.5827586206896552,-0.5832004226145333,0.2680815918736738
598,275,0.13972078892604575,0.5636363636363636,-0.25166980327194294,0.1808544278533476
599,388,0.7460404346828438,0.5618556701030928,-0.20614394904213976,0.8344695836278625
600,92,-0.1470154547755965,0.6847826086956522,-0.8805608748904316,-0.10091358373260083
601,112,0.4080750268829616,0.6964285714285714,-0.3689354347833445,0.3688609333286458
602,292,-1.1692010931827888,0.5582191780821918,-1.3672360219687802,-0.6982419845655145
603,93,0.23995351841162493,0.6021505376344086,-0.33071181868773497,0.25795521599728477
604,377,0.20243765480008896,0.5517241379310345,-0.24751480353023467,0.28000366839671875
605,315,0.38925769484765166,0.5968253968253968,-0.2141386701437433,0.2933099878476268
606,120,0.21146202732174982,0.6416666666666667,-0.5904289291251933,0.17828790916950796
607,360,0.6732447678804727,0.5861111111111111,-0.22907278246295165,0.6185680298962075
608,352,-0.20235136426335867,0.5568181818181818,-0.520065343548187,-0.21674312438229157
609,106,-0.17668847946720972,0.5566037735849056,-0.6706669356492744,-0.16160978526366426
610,245,0.1652960543033539,0.5673469387755102,-0.5278302228367158,0.1142452904145569
611,185,0.7481313873128347,0.7027027027027027,-0.615704880690403,0.45878843159604216
612,290,-0.35091569793061894,0.5724137931034483,-1.2083814623409574,-0.2574856787635932
613,390,-0.1291566191399113,0.5487179487179488,-0.42818082444669514,-0.11809960804591993
614,382,0.7424908717329722,0.5890052356020943,-0.17284031782721376,0.736985096506321
615,89,-0.3707751475803711,0.6404494382022472,-0.7273902954070295,-0.30264002908058685
616,157,0.1639974463817843,0.6305732484076433,-0.6831093813116335,0.12985492694203002
617,90,-0.5524204436765415,0.6,-0.7432670453194168,-0.6292960249360077
618,418,0.14273520248451166,0.5502392344497608,-0.562426690871473,0.16074403270529364
619,121,-0.5681626852535998,0.5950413223140496,-1.235541897327298,-0.377938681866325
620,110,0.1185444464374715,0.6090909090909091,-0.3137234331208351,0.1426296628607868
621,192,-0.4137291917106144,0.6145833333333334,-0.6356331090361687,-0.33919937659748783
622,135,0.4085142290094448,0.6370370370370371,-0.755144694015333,0.42363222782860316
623,378,0.8013261177622067,0.5767195767195767,-0.1772396763447552,0.9196008536776421
624,131,0.30348537284796345,0.5725190839694656,-0.2966770469209026,0.33714819837791893
625,114,-0.9780721882940109,0.543859649122807,-0.8601530971651338,-0.7122716105295486
626,99,-0.33084201005492453,0.5555555555555556,-0.6002848332401037,-0.4381998507408945
627,84,-0.554615960476669,0.6904761904761905,-1.0319031542988124,-0.3970698762202941
628,402,0.54122868819515,0.5920398009950248,-0.26401639493631696,0.5860373276931228
629,391,0.14695927400488118,0.5703324808184144,-0.2378192234252802,0.1989077485245389
630,266,0.7473701417725099,0.6052631578947368,-0.2959244724892982,0.8624926525869926
631,205,0.8999786457619982,0.6390243902439025,-0.2838546143031166,0.9083830426602254
632,88,0.18689160489363388,0.6136363636363636,-0.15372336451352206,0.2940504762893918
633,150,0.07732152811249698,0.6066666666666667,-0.3838093758538925,0.09506299535571873
634,113,-0.09804443049371453,0.6371681415929203,-0.5306341967887973,-0.1567386905437292
635,256,0.2724561511161942,0.609375,-0.23280582049340265,0.35918066760589756
636,165,0.1302253674665307,0.6606060606060606,-0.2160979370739273,0.1741341866565089
637,216,0.2693728290248892,0.5787037037037037,-0.5597635803295595,0.24107153255560712
638,176,1.2174098694489597,0.7613636363636364,-0.22837860681955927,1.4313448409150848
639,414,-0.17132017023649923,0.5579710144927537,-0.5291620666122423,-0.1325754966702363
640,330,0.38153132623293534,0.5787878787878787,-0.43083796581589506,0.2864134556388337
641,248,-0.02815261316080229,0.6048387096774194,-0.41802954119111924,-0.022255435959697107
642,359,0.37478081793945045,0.5598885793871866,-0.27049210834230564,0.3956600047499747
643,91,-0.08952494028160474,0.6263736263736264,-0.6203012510702178,-0.10417160717561202
644,91,-0.8208415875658138,0.6043956043956044,-0.7687998773774327,-0.781291522710238
645,390,-0.16997724051021298,0.558974358974359,-0.4246237822981835,-0.15086459813788455
646,272,0.20183888550389073,0.5919117647058824,-0.41852336485445535,0.196458526847679
647,100,0.19395167893104803,0.71,-0.23248642109255718,0.25506312775043083
648,179,-0.12963162621441265,0.6145251396648045,-0.37836662846247315,-0.13150382181080822
649,113,0.20699143696942346,0.6637168141592921,-0.23977365674636314,0.197697951237581
650,241,0.3769164593558309,0.6514522821576764,-0.3924896934621061,0.3758308589876329
651,129,0.9261059807546972,0.7131782945736435,-0.15440530286575777,1.2093503443857812
652,114,0.20904299818059774,0.6578947368421053,-0.5385267712409437,0.1969163653917873
653,347,0.5510119895729119,0.5677233429394812,-0.6826491683779521,0.40173213317467804
654,354,0.0631679614371558,0.559322033898305,-0.4431187208289721,0.05852178098606735
655,75,-0.7377739579209113,0.6133333333333333,-1.1132368226283145,-0.6541577267027617
656,232,0.5215020177782773,0.6163793103448276,-0.4103891834787102,0.5501786099566757
657,241,0.621360869305678,0.5767634854771784,-1.2249472523829816,0.296788533318748
658,350,-0.04079009342731776,0.58,-0.495955323678209,-0.0303860746343101
659,218,-0.4728063493921915,0.6009174311926605,-0.48193216764924096,-0.37720741509990613
660,115,0.09958334740868499,0.6434782608695652,-0.5752818436285249,0.09375162490113961
661,389,0.28672133643617637,0.5629820051413882,-0.32547429639325215,0.2156116508742198
662,382,0.5564287202320313,0.5890052356020943,-0.24646977983724258,0.69557513288454
663,336,0.3052031583842121,0.5684523809523809,-0.5173294595544887,0.3005487080417294
664,227,0.3843816991480719,0.5947136563876652,-0.31498296834532374,0.45779240536830296
665,157,0.9047757801532605,0.6560509554140127,-0.1347561728396623,1.0402248413652062
666,130,0.3437129734823875,0.7,-0.3279579497895636,0.3958669168779239
667,280,0.6176825624758144,0.6107142857142858,-0.12290299434756526,0.9338936904010517
668,324,-0.08756385705002301,0.5648148148148148,-0.38822429959816335,-0.08974859516887161
669,413,0.052898226575989936,0.5617433414043583,-0.2949224109733676,0.055846555628003614
670,377,0.47287500681292455,0.5596816976127321,-0.14169947928441484,0.6452980072396204
671,270,0.43640269344843174,0.6666666666666666,-0.3986097500641553,0.3688462388351889
672,409,0.597345453145204,0.6039119804400978,-0.16305440192161966,0.7203557857023751
673,160,-0.5608153008527403,0.59375,-0.8672955209527777,-0.5101953396041524
674,147,0.9060747641389071,0.6122448979591837,-0.5166654295879132,0.6021240704861478
675,405,0.01673687065594756,0.5580246913580247,-0.8482558134227924,0.013235105583562222
676,398,0.2678686453299191,0.5301507537688442,-0.3631469018227943,0.20916352731438584
677,181,0.23339412942883742,0.6408839779005525,-0.5219394133484531,0.19314690397163997
678,174,0.12731755036714423,0.6149425287356322,-0.3670746439976085,0.10062142035033317
679,302,0.47731805228881147,0.5728476821192053,-0.54714824118866,0.36602614675660694
680,383,-0.0031504759572909247,0.5613577023498695,-0.4153539303375006,-0.0030527226024089035
681,156,0.20760905545943073,0.5961538461538461,-0.45725026193687984,0.16882876311676331
682,269,-0.3837263281798653,0.5204460966542751,-0.604279122622779,-0.41197994198989096
683,302,0.020098701626104817,0.5562913907284768,-0.24346170589038293,0.026551367824230163
684,359,0.5721688231398255,0.5682451253481894,-0.289441157541281,0.539283058004017
685,198,1.0229883437750056,0.696969696969697,-0.32047936005512156,1.071731498550072
686,130,-0.026397481912521194,0.6230769230769231,-0.4541106359623213,-0.0331065700966379
687,210,0.6316977932700497,0.6333333333333333,-0.27016819646696744,0.5478123670868505
688,336,0.547628775298806,0.6011904761904762,-0.2252871242255922,0.5275290822876643
689,191,0.5509846994654691,0.6596858638743456,-0.2588553480015077,0.758452546405072
690,262,-0.45167595595096377,0.5725190839694656,-0.8577314931943313,-0.43300402520616416
691,187,0.06048751917738924,0.6042780748663101,-0.37742817534225914,0.05321084571227549
692,340,0.6424075624124899,0.5911764705882353,-0.332115633307725,0.7096309497950293
693,336,-0.19898861441717872,0.5595238095238095,-0.5116723819245795,-0.141043536859239
694,197,0.8521258333622007,0.6091370558375635,-0.37615490448582967,0.6486143743938154
695,400,0.6576737480854593,0.5875,-0.27183042254691425,0.7293736173062902
696,228,0.43419716529855706,0.5833333333333334,-0.41675339106692305,0.4577299740054266
697,322,0.21644885006743286,0.5527950310559007,-0.19730810926122672,0.2658090036691728
698,182,-0.28779888272418064,0.6043956043956044,-1.146044718711974,-0.223545653726167
699,390,-0.0705654817060449,0.5230769230769231,-0.5112734390805693,-0.09132547049239766
700,93,-0.3178270667933451,0.6451612903225806,-0.6023611331349913,-0.21929548085888909
701,114,0.0522284889250455,0.7105263157894737,-0.46194102578040597,0.06118894117070214
702,349,-0.5486291156891144,0.5472779369627507,-0.9152236929133628,-0.38075294795836456
703,175,1.0060123040926776,0.6857142857142857,-0.3025938781356253,0.8415030974486716
704,382,1.3392098041047305,0.5968586387434555,-0.3270834080805517,1.359227139526847
705,278,-0.6777111969699382,0.5503597122302158,-0.7784283862216199,-0.6016972628614217
706,116,0.5432332323588477,0.6982758620689655,-0.1803556116948144,0.6646296326417941
707,128,0.8871021499058767,0.6953125,-0.21928659033482917,0.8920098664487723
708,361,0.023833710536721824,0.5263157894736842,-0.33092202789676234,0.0204003299092956
709,392,-0.09810490343665665,0.5408163265306123,-0.3034356324023924,-0.1271788076886596
710,172,-0.2293725453668982,0.6046511627906976,-0.5679830259471365,-0.27596532316272365
711,161,0.16179763917263992,0.6459627329192547,-0.2888668071859596,0.1613585055957368
712,127,0.5337933004761147,0.6456692913385826,-0.2922887622066812,0.6982292248651668
713,311,0.2288580648380289,0.5755627009646302,-0.3829524897824626,0.1830487409221446
714,390,-0.05549604678210174,0.558974358974359,-0.2342524108433511,-0.06774370173523399
715,332,0.15642158474728063,0.5843373493975904,-0.35735012207768363,0.1828689274781095
716,342,-0.5454846161771112,0.52046783625731,-0.7419568675195934,-0.4774440612040898
717,126,0.01081886710386208,0.6111111111111112,-0.4078706146758272,0.009048737662264396
718,98,-0.34375170132836513,0.673469387755102,-0.4303626738946708,-0.43398262737213433
719,95,0.23516611567532617,0.6421052631578947,-0.2795369187769199,0.2489146502100205
720,127,0.038267251618788606,0.5826771653543307,-0.6115919615109818,0.03301147876837303
721,303,-0.2641126938189769,0.5511551155115512,-0.6497599827905278,-0.2760303321483749
722,84,-0.133564060282564,0.6428571428571429,-0.5185098551715149,-0.13735791197742253
723,365,-0.08991018035608077,0.5698630136986301,-0.3895756982764085,-0.10024224589874328
724,326,-0.25309417606654705,0.5644171779141104,-0.5052059229929775,-0.23240735335048712
725,100,-0.0887191531861186,0.63,-0.49786953248722676,-0.09285766313501834
726,396,0.24643407253753097,0.5454545454545454,-0.28158703734403523,0.21718807815656976
727,124,0.03531493343532133,0.6290322580645161,-0.5032737482192554,0.02949855912148997
728,363,0.1480082838564146,0.581267217630854,-0.30371084859092523,0.1435289922199049
729,264,-0.45509455898702156,0.5681818181818182,-0.7586099775693015,-0.47788445096454196
730,233,0.10682992277624172,0.6137339055793991,-0.281237421842606,0.11125818309363361
731,134,0.16806690098407265,0.6791044776119403,-0.24251697935475544,0.24975410857131908
732,113,0.47460591753143533,0.6548672566371682,-0.24274114726159016,0.5141218505228538
733,100,0.0852099563480549,0.62,-0.1471832716969348,0.14040379591216384
734,131,0.17133112229155145,0.7099236641221374,-0.33349533190707753,0.16723061651427623
735,78,-1.246381504589853,0.5897435897435898,-0.982799343158118,-0.847856678481928
736,278,0.308668117392237,0.6079136690647482,-0.2553025700847552,0.5635309241176298
737,290,0.43262330977628694,0.603448275862069,-0.19636697401051006,0.5157339954094793
738,355,-0.1872738642651084,0.5661971830985916,-0.515024569405186,-0.1899713579769727
739,396,-0.017643000761560137,0.5378787878787878,-0.23718121437539277,-0.022669219961837538
740,205,0.1259870690541523,0.6097560975609756,-0.1955854723676443,0.16125632422394182
741,233,-0.6404271198499153,0.5450643776824035,-1.239338880558217,-0.5264505971492676
742,209,0.1722350369700497,0.569377990430622,-0.17171580864430488,0.19288149755595743
743,143,0.4441241290709261,0.6783216783216783,-0.1863079469758816,0.5182230859167528
744,320,0.09627967942172265,0.56875,-0.370672191536327,0.1045433279947095
745,380,-0.6479887806921871,0.5394736842105263,-0.8540033112873873,-0.5017356761324502
746,349,-0.2245483523497284,0.5787965616045845,-0.7225133574303998,-0.17984862730095513
747,97,-0.03779841426783534,0.6494845360824743,-0.33571237808530696,-0.047158311108900224
748,195,0.08292797291015762,0.5897435897435898,-0.5449315011388138,0.10020010321162381
749,350,0.45417918783252165,0.5685714285714286,-0.15488195321707626,0.5936404837266346
750,383,0.27587589850764943,0.587467362924282,-0.47410615786741916,0.1948136823124235
751,267,-0.6975291273106878,0.5767790262172284,-1.8354256369586388,-0.3763432819808829
752,94,-0.3542498747576496,0.7127659574468085,-0.860263279787155,-0.3579929012208364
753,96,0.4242689917336707,0.6875,-0.273481182088887,0.3976747028081924
754,189,0.7894175811044631,0.6349206349206349,-0.3508712416408506,0.6649355628804723
755,297,0.06811108923317809,0.5925925925925926,-0.27607430838114067,0.08235146054937181
756,287,-0.12150867685151236,0.5470383275261324,-0.4821967554370501,-0.09513312595636875
757,314,-0.09918617211129421,0.5636942675159236,-0.43793046298153915,-0.08682845174969936
758,92,-0.034615179171067996,0.6413043478260869,-0.5042027754715865,-0.03777618587315525
759,407,0.22413523004930802,0.5675675675675675,-0.3289700563343709,0.21433420394562427
760,360,0.10748364784772485,0.6,-0.5205935529616025,0.07700787102162178
761,372,-0.05481797693478344,0.5510752688172043,-0.2755917019644884,-0.0610050688094362
762,215,0.14082665012437742,0.627906976744186,-0.39083962538573314,0.14673179026971664
763,91,-0.10878754968856914,0.5824175824175825,-0.39425179448552716,-0.10408917514360899
764,160,0.4642280256146081,0.6875,-0.2914862804705154,0.42848453161716565
765,154,0.32232150295994816,0.6623376623376623,-0.24832350283444377,0.3873930513180731
766,417,0.47515105610706876,0.5419664268585132,-0.327607656209948,0.46078060656863895
767,224,0.007324223662454024,0.6026785714285714,-0.5977628957230533,0.004699915289094953
768,362,0.5013203663018598,0.5469613259668509,-0.29758890216718314,0.4687767229930172
769,295,0.12026948624456035,0.6203389830508474,-0.39318277776122207,0.13728561844753354
770,236,0.020576547426305197,0.5889830508474576,-0.2826405065074701,0.028181237360469253
771,394,-0.3448853672983442,0.5558375634517766,-0.5603344913273736,-0.2628808291397642
772,198,-0.8282744800355224,0.5202020202020202,-1.1571757170654677,-0.6761300029264785
773,352,0.3237662609674231,0.5596590909090909,-0.28431267111697767,0.27494934293682066
774,387,-0.12222628660382023,0.5839793281653747,-0.35587586363833157,-0.17373125514970286
775,201,0.9725060590523652,0.6666666666666666,-0.3671462541518525,0.8754427500114322
776,417,0.3613836704930622,0.565947242206235,-0.18279793143145662,0.35154269625553863
777,317,0.014372888709532074,0.5678233438485805,-0.37728222531986066,0.011735817157719647
778,387,0.5350610537314137,0.6020671834625323,-0.3254790277126706,0.408512488776095
779,293,0.16798326277103354,0.5631399317406144,-0.265226732775264,0.15484347270840007
780,230,0.12443606019291822,0.591304347826087,-0.18134867690788384,0.13883251916535433
781,386,-0.2132005508405235,0.5207253886010362,-0.5561719028320176,-0.23428835317669128
782,235,0.31293122450009153,0.5787234042553191,-0.4685686449577305,0.2422274371626812
783,159,0.3015158446505423,0.6289308176100629,-0.20451771466138916,0.501184144737457
784,412,0.9005860744600451,0.587378640776699,-0.3506670003392454,0.7140123053620726
785,84,-0.33977831794672386,0.6190476190476191,-0.8166840178008494,-0.3179193567281669
786,170,-0.5441788770174627,0.5647058823529412,-0.7424960072001463,-0.42861874263490035
787,158,0.03779560710628711,0.5949367088607594,-0.17486526819438206,0.05122132511784947
788,118,-0.13666098435350174,0.7033898305084746,-0.6212093959576616,-0.10650873660631352
789,267,0.2812502084703444,0.5655430711610487,-0.4517312157564098,0.30689847746208054
790,116,0.261390751627102,0.7155172413793104,-0.3004443270817563,0.2306931097141685
791,204,0.7314928360344447,0.6078431372549019,-0.28218020621261025,0.8799298013478257
792,117,-0.2639743521458309,0.6495726495726496,-0.8294323588524574,-0.252289675349843
793,153,-0.14419538869776158,0.5816993464052288,-0.4204765219399448,-0.13805243869459813
794,293,-0.002364465022061712,0.5460750853242321,-0.4400829382554536,-0.0029567825482702177
795,304,0.10585858944214456,0.5986842105263158,-0.5639499329975881,0.0644678065484596
796,97,-0.13975945620376987,0.6082474226804123,-0.6260648683060224,-0.1896123227007572
797,132,-0.039762758386649305,0.6439393939393939,-0.2376204114636615,-0.05425863583144677
798,133,0.8274425120559301,0.7368421052631579,-0.1970912131090837,1.1142847029236818
799,229,0.6759106586296576,0.6462882096069869,-0.749442655993694,0.5235527849058391
800,96,0.4316771206084469,0.6979166666666666,-0.4358279724368629,0.3912281510313225
801,109,0.3263581883016352,0.7064220183486238,-0.24266714246344195,0.45571479125137065
802,407,-0.180567582104826,0.5454545454545454,-0.8608504550224836,-0.10733988643928447
803,301,-0.0495987874678684,0.574750830564784,-0.6006173440790047,-0.044163682745810055
804,396,-0.03366859114473547,0.5353535353535354,-1.2388347004527933,-0.01794725116490043
805,227,0.4146767689864473,0.6387665198237885,-0.18229405735090012,0.46198728419428675
806,317,0.1958871656067784,0.5615141955835962,-0.28938530538915463,0.15590672585990592
807,376,0.1999519990141116,0.5478723404255319,-0.35456975625676573,0.19915525439767348
808,177,-0.10838381152722033,0.5819209039548022,-0.3525761981618253,-0.16452571521017376
809,369,-1.6222007253269894,0.5203252032520326,-1.6118793373006126,-1.187609986371181
810,194,0.2941685403660031,0.5876288659793815,-0.46499073160063215,0.34059620206647784
811,257,0.01626565494527609,0.603112840466926,-0.637777380205175,0.016548538265859707
812,398,0.22764427285026953,0.5728643216080402,-0.4638551965434639,0.20298480784839046
813,235,-0.060654714316942984,0.6127659574468085,-0.38730629739121697,-0.053514142645457743
814,349,-0.009887345015642274,0.5787965616045845,-0.2936035437948079,-0.008518649641492607
815,374,0.5905059576334709,0.6016042780748663,-0.24052173469528065,0.5335687333482594
816,121,0.5990534194702125,0.6942148760330579,-0.2706148938759733,0.6328154746794525
817,411,0.49504913372460413,0.5742092457420924,-0.45653691685721626,0.5465861650112436
818,127,0.12266507026950813,0.7007874015748031,-0.59227849436318,0.12047304253952325
819,256,-0.02124126462930934,0.59765625,-0.5511924506653636,-0.017182860689411578
820,405,0.45382978649466876,0.5530864197530864,-0.2543733240112196,0.5008603330301021
821,228,0.6438562848994226,0.6578947368421053,-0.2537677504560021,0.5918464820195106
822,330,-0.15342085417187287,0.5545454545454546,-0.4578244110717358,-0.10961899393573757
823,199,0.08230317567371571,0.628140703517588,-0.18325531470818543,0.09895776598880845
824,417,0.7773697365116975,0.5635491606714629,-0.2839883072672992,0.6445911457430582
825,398,-0.3649867752661655,0.5678391959798995,-0.5471004528799327,-0.2729974875862863
826,280,-0.2664025952022367,0.5392857142857143,-0.4840842921263645,-0.2778700732959899
827,83,-0.8928514755349475,0.6144578313253012,-0.7994708632502187,-0.7402581906642207
828,396,0.14599170473164547,0.553030303030303,-0.2917197293944814,0.12334056322730522
829,216,0.07171266816137613,0.5833333333333334,-0.4086763819369616,0.0873241476021143
830,130,0.3088705417081782,0.6461538461538462,-0.3841177942455769,0.27031602060611293
831,320,-0.15915072414495543,0.584375,-0.500145824199533,-0.10984384517812219
832,321,0.3216917508443831,0.5514018691588785,-0.281115393071683,0.38510497372265934
833,147,0.695642714394353,0.6326530612244898,-0.2451118341891073,0.7836511148956357
834,388,0.3451783557523738,0.5721649484536082,-0.23642361825676003,0.3499599393891958
835,101,-0.2402942897258169,0.6039603960396039,-0.5287901870347881,-0.22850128430936398
836,189,0.42032888961567266,0.6825396825396826,-0.2798227964679752,0.4063770078767544
837,77,-0.2842240164201698,0.6623376623376623,-0.4314434234341776,-0.28121934952799116
838,108,0.24398783911806224,0.6481481481481481,-0.37284668600521764,0.18455652765664474
839,219,0.3450294521856882,0.589041095890411,-0.28297411927129257,0.3568092013317677
840,305,0.1504041518725964,0.5737704918032787,-0.24624842834902966,0.19542466470271402
841,406,0.5816454184544769,0.5738916256157636,-0.22425011006327059,0.6294262535977372
842,197,0.22258793773865848,0.6446700507614214,-0.27340092364600893,0.32413453506150275
843,152,0.3906810453751894,0.6381578947368421,-0.3649912347858236,0.3584793325689306
844,128,0.8341610353210149,0.71875,-0.09343748113786585,1.0606982536561098
845,313,0.7862089802507095,0.6166134185303515,-0.2796352213791412,0.7624805912927659
846,232,0.16070217465999723,0.6077586206896551,-0.3473091883727692,0.1303425855159504
847,375,-0.15133679283931992,0.544,-0.5322619015106447,-0.1451003487100756
848,172,0.11941731556254033,0.6162790697674418,-0.4187495913556373,0.09563595691860224
849,183,-0.028010885897012325,0.644808743169399,-0.4717051685082574,-0.02493652941926104
850,424,0.2868511446230293,0.5825471698113207,-0.1958421740508473,0.40408814952560834
851,202,-0.7376084065174247,0.5643564356435643,-0.8105915859369948,-0.658456712720873
852,228,0.8561724026279517,0.6622807017543859,-0.1877937422300148,0.8649342420821857
853,341,0.10081580478280379,0.5601173020527859,-0.22848588279966184,0.11364147360889118
854,91,-0.3017928626490249,0.6813186813186813,-1.5027972354271188,-0.16281572687014237
855,290,0.21677811254935914,0.5862068965517241,-0.22905518935179878,0.24177504416471812
856,310,0.3691873636916245,0.5935483870967742,-0.3367513812168913,0.36002532982397517
857,119,0.04078090517201803,0.6470588235294118,-0.56273555401859,0.031193057654178822
858,278,-0.3601964142480296,0.5503597122302158,-0.5793094320688811,-0.47495939471739435
859,116,0.1676060879697041,0.6206896551724138,-0.5564795832416657,0.1484657087481649
860,370,1.2393679580685937,0.5540540540540541,-0.5875873837229066,0.87285899561017255
861,347,-0.32604975980626516,0.5043227665706052,-0.3803149773433467,-0.555729748602265
862,295,0.2818718611885559,0.5322033898305085,-0.2797373456753221,0.20223428462037996
863,196,-0.155284151173645,0.6377551020408163,-0.4870544892578165,-0.17568367489044123
864,125,0.4017458572043189,0.656,-0.21314689832279182,0.4537479543928125
865,223,0.7170567675749379,0.6188340807174888,-0.2785478964052065,0.6940572788188559
866,238,-0.05315088212876977,0.6092436974789915,-0.26660324014311226,-0.061174369631016835
867,90,-0.5516406029687724,0.6666666666666666,-0.7275752358791567,-0.393356355736884
868,150,0.9780950293726035,0.7,-0.269195783727155,0.9474372622268556
869,190,-0.1138021268907746,0.5736842105263158,-0.24830510920238416,-0.1769337285461317
870,398,-0.19523460977502402,0.5376884422110553,-0.583664022466654,-0.1757941280189801
871,253,0.3058592964735016,0.5928853754940712,-0.45989332338003597,0.30774051880199627
872,145,0.260523634918429,0.593103448275862,-0.3109161920434465,0.3214839927330209
873,167,0.45224234909529076,0.6946107784431138,-0.22838403911829988,0.4851939448364999
874,92,0.12786203417188954,0.6304347826086957,-0.2936672870911116,0.133040482063355
875,273,0.47134231567870427,0.6373626373626373,-0.6043865020911704,0.37617513106426925
876,363,0.5517599538314165,0.5950413223140496,-0.2336774658439514,0.47364156406260083
877,313,-0.03405138276589305,0.5463258785942492,-0.4316889413039697,-0.02903529371113565
878,102,-0.2395480473911883,0.5980392156862745,-0.3224959308855613,-0.20906158322893575
879,95,-0.14583450610333445,0.6736842105263158,-0.26551253716446493,-0.16514257341453462
880,347,-0.13521677539145233,0.547550432276657,-0.5685262042950873,-0.1072441800581299
881,247,0.15256571495003882,0.582995951417004,-0.5437261632464951,0.15802719375113358
882,197,0.4008206284686896,0.6243654822335025,-0.32776555511304467,0.3769934770740884
883,157,0.008418266325071113,0.6050955414012739,-0.3218045782314678,0.007011311536367911
884,225,-0.2112884148061208,0.6,-0.4773077143573017,-0.1783292843618218
885,265,0.8530745753598232,0.6452830188679245,-0.1563608904298964,1.1614440025868187
886,357,0.16445942756218832,0.5994397759103641,-0.5589795708978802,0.1571505312799964
887,93,0.11377805811485826,0.6559139784946236,-0.4398918709047095,0.11837864501040098
888,136,0.25295691678648213,0.5661764705882353,-0.49204614315740347,0.23171152731310032
889,228,-0.3310359274335509,0.6096491228070176,-0.7413758576934681,-0.2078844042820586
890,133,-0.3075037253369902,0.5789473684210527,-0.5445597200374865,-0.4367598805369591
891,117,0.10476011025169045,0.6239316239316239,-0.2361100046589287,0.14058410258516713
892,277,0.2058951208012918,0.5812274368231047,-0.406593860248123,0.15220592379544784
893,201,-0.2644476034135964,0.5920398009950248,-0.4231655983346754,-0.3150709937441742
894,183,0.8392264012267707,0.6612021857923497,-0.3593326583862265,0.8104213468327993
895,342,0.6634760291717028,0.5818713450292398,-0.32962482669783144,0.5046897887637548
896,395,-0.18370417309838355,0.5721518987341773,-0.48531001778770605,-0.1532689176746833
897,318,-0.07440814375133539,0.5754716981132075,-0.558332721473233,-0.06030311024053868
898,226,-0.6121408919788559,0.588495575221239,-1.0751619327563955,-0.4049799157612977
899,296,-0.2676274270819977,0.5337837837837838,-0.5087551488473866,-0.3119951488942081
900,171,0.2586289775503672,0.6198830409356725,-0.3058603816798525,0.2446451164021555
901,424,0.8443045670746168,0.5377358490566038,-0.2270771124390783,0.627519164679534
902,283,-0.36775672553812655,0.5653710247349824,-0.32222331038783025,-0.3622938457833181
903,130,0.9681339807417499,0.6615384615384615,-0.19711209752219752,0.9781251723098139
904,148,0.38536836496834265,0.6283783783783784,-0.1905489971005502,0.4562370549472924
905,367,0.12266271627725542,0.5749318801089919,-0.5687546212991456,0.0789583968937663
906,234,0.09811947568104211,0.5683760683760684,-0.37080367033169276,0.11099996678591027
907,412,0.7164614419752913,0.587378640776699,-0.3304372658258764,0.6888918266127142
908,331,-0.5360040441035514,0.5740181268882175,-0.7070655020027088,-0.5125092535974103
909,303,-0.4747643696348913,0.5379537953795379,-0.5323651549218191,-0.4694345053385809
910,225,0.8943520560594885,0.64,-0.25854342506145517,0.7405788658078032
911,99,-0.11871035946532309,0.696969696969697,-0.5232575076065167,-0.11696822791596882
912,111,0.408436148530702,0.6936936936936937,-0.4123503187542302,0.3593367831362859
913,279,-0.733395515092565,0.5734767025089605,-0.6522585409394782,-0.4282667497402611
914,400,-0.21086401698624918,0.57,-0.4435176581017556,-0.2140546178874031
915,384,0.5988043709096058,0.5911458333333334,-0.24828902752292362,0.4821659670284543
916,138,0.19393131299514985,0.644927536231884,-0.4707405753399663,0.2014402268153837
917,155,-0.4362533753398575,0.567741935483871,-0.5710679082772452,-0.4213022157990573
918,346,-0.45459392237929924,0.5838150289017341,-0.5767738718054444,-0.47528556076014156
919,372,-1.29359982126997,0.5268817204301075,-1.0036337364676027,-0.7639304454715751
920,143,0.917728749967147,0.6643356643356644,-0.15098871386631366,1.00309106141136
921,236,0.29002048019652066,0.5932203389830508,-0.547135530034795,0.20065102175833888
922,410,0.005135611390302197,0.5487804878048781,-0.4681482822423135,0.004127009800320034
923,276,0.2475407253429076,0.5869565217391305,-0.4163956545647157,0.24652234491558098
924,340,-1.145933548561616,0.5735294117647058,-1.6195541380145329,-0.7372144021471737
925,214,0.7154935111251125,0.6308411214953271,-0.10238637037632177,0.9525092966433997
926,110,0.4108561715925111,0.6363636363636364,-0.5570670725679601,0.29720516319354273
927,373,0.5485429329558844,0.5764075067024129,-0.43003696459171753,0.5440861223590081
928,415,0.41509940622422475,0.5759036144578313,-0.3234546874171281,0.4025343354401318
929,401,0.14905806121242085,0.5610972568578554,-0.3135992718568832,0.20339287715958249
930,256,-0.2731300796642606,0.546875,-0.7505708513915182,-0.2870131901098443
931,112,0.30635076699987046,0.6875,-0.2749148736930162,0.29595419714895743
932,341,0.02844346476415698,0.5571847507331378,-0.26693643847043785,0.023337312784301616
933,246,0.45401248582003,0.6341463414634146,-0.14839975993772334,0.6019132509010651
934,166,0.20009974187750904,0.6445783132530121,-0.18439561247558536,0.2587475263206978
935,253,0.5813808266798024,0.616600790513834,-0.2986328243535087,0.46842900226888284
936,365,0.7148847481861286,0.5698630136986301,-0.2370902760750822,0.5779062259016211
937,343,-0.39787118574908464,0.5335276967930029,-0.6650640534263046,-0.40277171428463787
938,155,-0.25581297327113783,0.5806451612903226,-0.5045353808728001,-0.2347167208117743
939,399,-0.13433640593907842,0.5538847117794486,-0.3342416175598823,-0.12816335301331774
940,106,-0.05480735404935415,0.5754716981132075,-0.2636537705647435,-0.05565648923970935
941,288,0.29927542986209726,0.6006944444444444,-0.21523811043710794,0.34069970732958965
942,215,0.5549289351475278,0.627906976744186,-0.45062555507245655,0.5123095662872867
943,84,-0.3456780947510656,0.6071428571428571,-0.4649276075284718,-0.44808386226904945
944,239,0.33523714522634945,0.5815899581589958,-0.37984797597944114,0.2813716566745082
945,410,0.6867517094218969,0.5463414634146342,-0.37323445416836404,0.6269379640307415
946,106,0.3665846296477456,0.6981132075471698,-0.44568847063970535,0.27997008960327335
947,397,0.16196451252659444,0.5440806045340051,-0.22108809746248018,0.17729755194222274
948,148,0.5300071851593222,0.5945945945945946,-0.9397740547469681,0.3519919243942405
949,301,0.07635801363953015,0.6212624584717608,-0.3558673335334338,0.06464730269028983
950,386,-0.5972543003177407,0.572538860103627,-0.7536908037585841,-0.3435358461050866
951,114,-0.40258269751122266,0.6052631578947368,-0.6725726727096696,-0.34353512658602886
952,414,0.33749036098826246,0.5483091787439613,-0.1812385234390673,0.5090953880557362
953,386,1.2902372918699856,0.5906735751295337,-0.35894567871212446,0.9280638184287626
954,403,0.16230889834382886,0.5310173697270472,-0.23981024584831334,0.12309913201689396
955,333,0.4824283305509138,0.5885885885885885,-0.41463352896092054,0.335297836708873
956,131,0.02842613973664423,0.5954198473282443,-0.6173238496038816,0.026077306991291512
957,117,0.057451936756435444,0.6410256410256411,-0.3374612144963895,0.06723089835224233
958,294,-0.6764257098168219,0.5544217687074829,-1.03790007013653,-0.5749754182380592
959,249,0.5240542452257726,0.6385542168674698,-0.27349574061069964,0.5058811934224411
960,224,0.39058087268183533,0.6428571428571429,-0.3018278498225941,0.32963716199266346
961,239,0.384914485305041,0.5732217573221757,-0.21435526198471133,0.4803599793478828
962,118,0.7979410298189716,0.711864406779661,-0.25617107146382395,0.8766189428145397
963,308,-0.9776240448084467,0.538961038961039,-1.2365520849248526,-0.7505985085945696
964,171,-1.1852454785552868,0.5906432748538012,-1.3142301946559716,-0.9126425025869119
965,287,0.5843866037816194,0.6202090592334495,-0.312615755718454,0.5928130241361395
966,262,0.8878335223139945,0.6412213740458015,-0.17949698156989824,0.9078728691824988
967,125,-0.25570323947860074,0.608,-0.358169646011976,-0.23420027008564853
968,356,0.43388277671799147,0.5730337078651685,-0.3917880183999308,0.45067921556740664
969,91,-0.33345956781686914,0.5384615384615384,-0.730688981355328,-0.3276624895278232
970,398,-0.7086875338699294,0.5603015075376885,-0.7940020425850733,-0.4767758692363865
971,406,-0.00527649843703107,0.5172413793103449,-0.26522515173566524,-0.0052949819137471845
972,406,0.510069057734737,0.5591133004926109,-0.18055239232574746,0.6010571191706996
973,211,0.5198402917628456,0.5924170616113744,-0.2506899630959858,0.49804450711821885
974,154,0.7727527875131566,0.6558441558441559,-0.1740243044173641,0.7448338979943663
975,321,0.2811436312482778,0.5763239875389408,-0.2099165756139262,0.3463508921364187
976,232,0.32894754646090457,0.5991379310344828,-0.23614126938344632,0.3274694722743381
977,233,-0.027174096866576385,0.5622317596566524,-0.4267065370498274,-0.032380775142661404
978,176,-0.14106207283973235,0.5965909090909091,-1.124056993231023,-0.10635450720351379
979,74,-0.2584047906651498,0.7027027027027027,-0.5338533872237613,-0.2659795398895742
980,340,-0.21558800401344733,0.5676470588235294,-0.5762900195941496,-0.1784194804863484
981,397,-0.18441154056620673,0.5566750629722922,-0.3244521824707734,-0.21424052211704317
982,398,0.1216587066558963,0.5603015075376885,-0.24076443410954748,0.14784071775131863
983,197,0.3275108013222677,0.6294416243654822,-0.34351061887745843,0.37659374178883653
984,318,0.07127866713975821,0.5943396226415094,-0.4441055583661772,0.0802925651316251
985,269,-0.42872411492927776,0.5687732342007435,-0.34758959280453194,-0.46609867680614975
986,378,-0.6405681130146185,0.5158730158730159,-0.7205269415104741,-0.7092093481802949
987,93,-0.1963802838059359,0.6451612903225806,-0.5640701848726813,-0.14544505988444384
988,402,0.37623994871260213,0.5398009950248757,-0.5081469370262663,0.3366301305547667
989,144,0.376878179834739,0.6944444444444444,-0.22100157108824875,0.6654383515367369
990,315,0.6259950107227227,0.5904761904761905,-0.2900595485854791,0.8009461518579972
991,411,0.29552184039993984,0.5644768856447688,-0.11583728961059851,0.47477167465595893
992,342,0.4303829361181105,0.5847953216374269,-0.3914569191440642,0.34706915087861384
993,333,0.3703396982737871,0.5705705705705706,-0.23337542819222176,0.4595347561314762
994,243,1.0637200317689974,0.6131687242798354,-0.2231400167413218,1.020163609259333
995,290,0.12705071639847643,0.5551724137931034,-1.084238069013157,0.09242684431941886
996,284,0.22776992700004955,0.6056338028169014,-0.35156990107140557,0.20709100727553054
997,188,-0.4691438908563511,0.6595744680851063,-0.7166039598544756,-0.38154947681896867
998,312,0.7211861632264339,0.6217948717948718,-0.24954387121447072,0.6989709833342637
999,172,0.3159856448085227,0.6395348837209303,-0.41625023296468866,0.310525995545686
1000,102,0.28666060065366317,0.6176470588235294,-0.2894262046365841,0.36211831662132093
Average,241.511,0.1348806540552425,0.6017969591181141,-0.4558688033834125,0.156091720975707